,Unnamed: 0,Investigation.Type,Event.Date,Location,Country,Injury.Severity,Aircraft.damage,Aircraft.Category,Make,Model,Amateur.Built,Number.of.Engines,Engine.Type,Schedule,Total.Fatal.Injuries,Total.Serious.Injuries,Total.Minor.Injuries,Total.Uninjured,Weather.Condition,Broad.phase.of.flight,Report.Status,Year,Make and Model,Total_passengers,Fatality_Pecentage,Serious_Inj_Percentage,Minor/NonInj_Percentage
308,320,Incident,1982-02-15,"ONTARIO, CA",United States,Incident,Minor,Airplane,Boeing,B7372H4,No,2.0,Turbo Jet,SCHD,0.0,0.0,0.0,119.0,IMC,Approach,Probable Cause,1982,Boeing-B7372H4,119.0,0.0,0.0,100.0
339,351,Incident,1982-02-19,"HARLINGEN, TX",United States,Incident,,Airplane,Boeing,B727200,No,3.0,Turbo Jet,SCHD,0.0,0.0,0.0,83.0,IMC,Landing,Probable Cause,1982,Boeing-B727200,83.0,0.0,0.0,100.0
637,669,Accident,1982-03-24,"MARANA, AZ",United States,Non-Fatal,Substantial,Airplane,Boeing,707123B,No,4.0,Turbo Jet,,0.0,0.0,0.0,7.0,VMC,Landing,Probable Cause,1982,Boeing-707123B,7.0,0.0,0.0,100.0
1726,1834,Incident,1982-07-05,"FLUSHING, NY",United States,Incident,Minor,Airplane,Boeing,727233,No,3.0,Turbo Fan,SCHD,0.0,0.0,0.0,74.0,VMC,Climb,Probable Cause,1982,Boeing-727233,74.0,0.0,0.0,100.0
3449,3702,Incident,1983-01-16,"LOS ANGELES, CA",United States,Incident,Minor,,Boeing,747123,No,4.0,Turbo Fan,,0.0,0.0,0.0,412.0,VMC,Taxi,Probable Cause,1983,Boeing-747123,412.0,0.0,0.0,100.0
3489,3744,Incident,1983-01-23,"SAN DIEGO, CA",United States,Incident,Minor,,Boeing,767231,No,2.0,Turbo Fan,SCHD,0.0,0.0,0.0,159.0,VMC,Descent,Probable Cause,1983,Boeing-767231,159.0,0.0,0.0,100.0
3630,3893,Incident,1983-02-15,"MIAMI, FL",United States,Incident,Minor,,Boeing,B727200,No,3.0,Turbo Fan,SCHD,0.0,0.0,0.0,74.0,VMC,Takeoff,Probable Cause,1983,Boeing-B727200,74.0,0.0,0.0,100.0
4429,4764,Incident,1983-05-23,"COLORADO SPRING, CO",United States,Incident,Minor,,Boeing,72731H,No,3.0,Turbo Fan,SCHD,0.0,0.0,0.0,25.0,VMC,Taxi,Probable Cause,1983,Boeing-72731H,25.0,0.0,0.0,100.0
4430,4765,Incident,1983-05-23,"MEMPHIS, TN",United States,Incident,,,Boeing,B737222,No,2.0,Turbo Fan,SCHD,0.0,0.0,0.0,59.0,VMC,Taxi,Probable Cause,1983,Boeing-B737222,59.0,0.0,0.0,100.0
4756,5119,Incident,1983-06-20,"CHICAGO, IL",United States,Incident,Minor,,Boeing,B747,No,4.0,Turbo Fan,NSCH,0.0,0.0,0.0,440.0,VMC,Taxi,Probable Cause,1983,Boeing-B747,440.0,0.0,0.0,100.0
4757,5120,Incident,1983-06-20,"CHICAGO, IL",United States,Incident,Minor,,Boeing,B747,No,4.0,Turbo Fan,SCHD,0.0,0.0,0.0,440.0,VMC,Standing,Probable Cause,1983,Boeing-B747,440.0,0.0,0.0,100.0
5083,5476,Incident,1983-07-16,"ST. LOUIS, MO",United States,Incident,Minor,,Boeing,727231A,No,3.0,Turbo Fan,SCHD,0.0,0.0,0.0,65.0,VMC,Taxi,Probable Cause,1983,Boeing-727231A,65.0,0.0,0.0,100.0
5870,6363,Incident,1983-09-23,"DALLAS/FT WORTH, TX",United States,Incident,,,Boeing,727223B,No,3.0,Turbo Fan,SCHD,0.0,0.0,2.0,110.0,VMC,Standing,Probable Cause,1983,Boeing-727223B,112.0,0.0,0.0,100.0
5978,6477,Incident,1983-10-05,"DFW AIRPORT, TX",United States,Incident,Minor,,Boeing,B727023,No,3.0,Turbo Jet,SCHD,0.0,0.0,6.0,66.0,VMC,Taxi,Probable Cause,1983,Boeing-B727023,72.0,0.0,0.0,100.0
5994,6494,Incident,1983-10-07,"JUNEAU, AK",United States,Incident,Minor,,Boeing,727247,No,3.0,Turbo Jet,SCHD,0.0,0.0,0.0,87.0,IMC,Takeoff,Probable Cause,1983,Boeing-727247,87.0,0.0,0.0,100.0
6096,6602,Incident,1983-10-19,"MIAMI, FL",United States,Incident,Minor,,Boeing,72721,No,3.0,Turbo Fan,SCHD,0.0,0.0,0.0,73.0,VMC,Landing,Probable Cause,1983,Boeing-72721,73.0,0.0,0.0,100.0
6592,7127,Incident,1983-12-29,"OAKLAND, CA",United States,Incident,Minor,,Boeing,707123B,No,4.0,Turbo Fan,NSCH,0.0,0.0,0.0,165.0,VMC,Landing,Probable Cause,1983,Boeing-707123B,165.0,0.0,0.0,100.0
7109,7667,Incident,1984-03-10,"DFW AIRPORT, TX",United States,Incident,Minor,,Boeing,72723,No,3.0,Turbo Jet,SCHD,0.0,0.0,0.0,41.0,VMC,Cruise,Probable Cause,1984,Boeing-72723,41.0,0.0,0.0,100.0
7739,8346,Incident,1984-05-24,"BAHAMAS, Bahamas",Bahamas,Incident,,,Boeing,72735,No,3.0,Turbo Jet,NSCH,0.0,0.0,0.0,125.0,VMC,Standing,Probable Cause,1984,Boeing-72735,125.0,0.0,0.0,100.0
7843,8459,Incident,1984-06-02,"FLUSHING, NY",United States,Incident,Minor,,Boeing,72731,No,3.0,Turbo Fan,SCHD,0.0,0.0,0.0,66.0,VMC,Takeoff,Probable Cause,1984,Boeing-72731,66.0,0.0,0.0,100.0
7882,8502,Incident,1984-06-05,"PHILADELPHIA, PA",United States,Incident,,,Boeing,720025,No,4.0,Turbo Fan,,0.0,0.0,0.0,95.0,VMC,Takeoff,Probable Cause,1984,Boeing-720025,95.0,0.0,0.0,100.0
8144,8782,Incident,1984-06-27,"PORTLAND, ME",United States,Incident,Minor,,Boeing,737130,No,2.0,Turbo Fan,SCHD,0.0,0.0,2.0,121.0,VMC,Descent,Probable Cause,1984,Boeing-737130,123.0,0.0,0.0,100.0
8218,8866,Incident,1984-07-03,"DENVER, CO",United States,Incident,Minor,,Boeing,72723,No,3.0,Turbo Jet,SCHD,0.0,0.0,0.0,75.0,VMC,Landing,Probable Cause,1984,Boeing-72723,75.0,0.0,0.0,100.0
8291,8948,Incident,1984-07-09,"PORTLAND, OR",United States,Incident,,,Boeing,B737222,No,2.0,Turbo Jet,SCHD,0.0,0.0,0.0,71.0,VMC,Climb,Probable Cause,1984,Boeing-B737222,71.0,0.0,0.0,100.0
8472,9147,Incident,1984-07-25,"MINNEAPOLIS, MN",United States,Incident,,,Boeing,7272M7,No,3.0,Turbo Fan,SCHD,0.0,0.0,0.0,127.0,VMC,Climb,Probable Cause,1984,Boeing-7272M7,127.0,0.0,0.0,100.0
8941,9652,Incident,1984-09-03,"WASHINGTON, DC",United States,Incident,Minor,,Boeing,72722,No,3.0,Turbo Fan,SCHD,0.0,0.0,0.0,81.0,VMC,Standing,Probable Cause,1984,Boeing-72722,81.0,0.0,0.0,100.0
9205,9936,Incident,1984-09-30,"AKRON, OH",United States,Incident,,,Boeing,Vc137Bbn,No,4.0,Turbo Fan,,0.0,0.0,0.0,47.0,IMC,Climb,Probable Cause,1984,Boeing-Vc137Bbn,47.0,0.0,0.0,100.0
9346,10085,Incident,1984-10-18,"SEATTLE, WA",United States,Incident,,,Boeing,Vc137Bbn,No,4.0,Turbo Fan,,0.0,0.0,0.0,50.0,VMC,Approach,Probable Cause,1984,Boeing-Vc137Bbn,50.0,0.0,0.0,100.0
9985,10752,Incident,1985-01-26,"ST. PAUL, MN",United States,Incident,Minor,,Boeing,72751,No,3.0,Turbo Jet,SCHD,0.0,0.0,0.0,61.0,IMC,Approach,Probable Cause,1985,Boeing-72751,61.0,0.0,0.0,100.0
10420,11207,Incident,1985-03-29,"MEXICO CITY, Mexico",Mexico,Incident,Minor,,Boeing,727200B,No,3.0,Turbo Jet,SCHD,0.0,0.0,0.0,152.0,VMC,Takeoff,Probable Cause,1985,Boeing-727200B,152.0,0.0,0.0,100.0
10519,11313,Incident,1985-04-12,"CHANTILLY, VA",United States,Incident,Minor,,Boeing,737217,No,2.0,Turbo Jet,SCHD,0.0,0.0,0.0,107.0,VMC,Taxi,Probable Cause,1985,Boeing-737217,107.0,0.0,0.0,100.0
10643,11445,Incident,1985-04-25,"DETROIT, MI",United States,Incident,,,Boeing,747123,No,4.0,Turbo Fan,NSCH,0.0,0.0,42.0,439.0,VMC,Standing,Probable Cause,1985,Boeing-747123,481.0,0.0,0.0,100.0
10804,11614,Incident,1985-05-11,"D/FW AIRPORT, TX",United States,Incident,Minor,,Boeing,B767232,No,2.0,Turbo Fan,SCHD,0.0,0.0,0.0,53.0,VMC,Takeoff,Probable Cause,1985,Boeing-B767232,53.0,0.0,0.0,100.0
10949,11767,Incident,1985-05-27,"CHICAGO, IL",United States,Incident,Minor,,Boeing,727023,No,3.0,Turbo Jet,SCHD,0.0,0.0,0.0,121.0,VMC,Approach,Probable Cause,1985,Boeing-727023,121.0,0.0,0.0,100.0
11250,12086,Incident,1985-06-27,"LOS ANGELES, CA",United States,Incident,Minor,,Boeing,737247,No,2.0,Turbo Fan,SCHD,0.0,0.0,0.0,96.0,VMC,Cruise,Probable Cause,1985,Boeing-737247,96.0,0.0,0.0,100.0
12087,12990,Incident,1985-09-15,"JAMAICA, NY",United States,Incident,Minor,,Boeing,747130,No,4.0,Turbo Fan,NSCH,0.0,0.0,0.0,507.0,VMC,Landing,Probable Cause,1985,Boeing-747130,507.0,0.0,0.0,100.0
12387,13309,Incident,1985-10-24,"FLUSHING, NY",United States,Incident,,,Boeing,B767,No,2.0,Turbo Fan,SCHD,0.0,0.0,0.0,421.0,VMC,Taxi,Probable Cause,1985,Boeing-B767,421.0,0.0,0.0,100.0
12483,13412,Accident,1985-11-07,"BELLEVUE, NE",United States,Non-Fatal,Substantial,,Boeing,72723,No,3.0,Turbo Fan,SCHD,0.0,0.0,0.0,71.0,VMC,Approach,Probable Cause,1985,Boeing-72723,71.0,0.0,0.0,100.0
12916,13866,Incident,1986-01-27,"MIAMI, FL",United States,Incident,,,Boeing,747123,No,4.0,Turbo Fan,SCHD,0.0,0.0,16.0,224.0,VMC,Takeoff,Probable Cause,1986,Boeing-747123,240.0,0.0,0.0,100.0
12963,13919,Incident,1986-02-06,"CHICAGO, IL",United States,Incident,Minor,,Boeing,72722,No,3.0,Turbo Jet,SCHD,0.0,0.0,1.0,51.0,VMC,Descent,Probable Cause,1986,Boeing-72722,52.0,0.0,0.0,100.0
14805,15917,Incident,1986-09-17,"EVANSVILLE, IN",United States,Incident,,,Boeing,72725,No,3.0,Turbo Fan,SCHD,0.0,0.0,0.0,38.0,VMC,Taxi,Probable Cause,1986,Boeing-72725,38.0,0.0,0.0,100.0
14983,16109,Incident,1986-10-15,"ANCHORAGE, AK",United States,Incident,Minor,,Boeing,72722C,No,3.0,Turbo Jet,,0.0,0.0,0.0,115.0,VMC,Landing,Probable Cause,1986,Boeing-72722C,115.0,0.0,0.0,100.0
15162,16302,Incident,1986-11-12,"LIVINGSTON, TN",United States,Incident,,,Boeing,72722,No,3.0,Turbo Jet,SCHD,0.0,0.0,0.0,167.0,VMC,Cruise,Probable Cause,1986,Boeing-72722,167.0,0.0,0.0,100.0
15745,16901,Incident,1987-02-25,"DURANGO, CO",United States,Incident,,,Boeing,7372A6,No,2.0,Turbo Fan,SCHD,0.0,0.0,0.0,48.0,IMC,Landing,Probable Cause,1987,Boeing-7372A6,48.0,0.0,0.0,100.0
15853,17012,Accident,1987-03-13,"CALGARY, CANADA",Canada,Non-Fatal,Substantial,,Boeing,727247,No,3.0,Turbo Jet,SCHD,0.0,0.0,0.0,71.0,UNK,,Foreign,1987,Boeing-727247,71.0,0.0,0.0,100.0
16454,17656,Incident,1987-06-02,"CASPER, WY",United States,Incident,,,Boeing,Ec135,No,4.0,Turbo Jet,UNK,0.0,0.0,0.0,72.0,VMC,Cruise,Probable Cause,1987,Boeing-Ec135,72.0,0.0,0.0,100.0
16526,17731,Incident,1987-06-09,"ANCHORAGE, AK",United States,Incident,Destroyed,,Boeing,72790C,No,3.0,Turbo Fan,,0.0,0.0,11.0,0.0,VMC,Taxi,Probable Cause,1987,Boeing-72790C,11.0,0.0,0.0,100.0
16646,17860,Accident,1987-06-22,"LOS ANGELES, CA",United States,Non-Fatal,Substantial,,Boeing,747Sp,No,4.0,Turbo Fan,SCHD,0.0,0.0,0.0,83.0,UNK,Taxi,Probable Cause,1987,Boeing-747Sp,83.0,0.0,0.0,100.0
16647,17861,Accident,1987-06-22,"LOS ANGELES, CA",United States,Non-Fatal,Substantial,,Boeing,737277,No,2.0,Turbo Fan,SCHD,0.0,0.0,0.0,83.0,UNK,Standing,Probable Cause,1987,Boeing-737277,83.0,0.0,0.0,100.0
16967,18204,Accident,1987-07-24,"MIAMI, FL",United States,Non-Fatal,Substantial,,Boeing,747287B,No,4.0,Turbo Fan,SCHD,0.0,0.0,0.0,118.0,VMC,Taxi,Probable Cause,1987,Boeing-747287B,118.0,0.0,0.0,100.0
17109,18352,Incident,1987-08-08,"CHICAGO, IL",United States,Incident,,,Boeing,727233,No,3.0,Turbo Fan,SCHD,0.0,0.0,0.0,135.0,IMC,Climb,Probable Cause,1987,Boeing-727233,135.0,0.0,0.0,100.0
17223,18478,Incident,1987-08-22,"BELLEVILLE, IL",United States,Incident,Minor,,Boeing,767231Er,No,2.0,Turbo Fan,SCHD,0.0,0.0,3.0,178.0,VMC,Approach,Probable Cause,1987,Boeing-767231Er,181.0,0.0,0.0,100.0
17984,19287,Accident,1987-12-05,"DEPTFORD, NJ",United States,Non-Fatal,Substantial,,Boeing,7372B7,No,2.0,Turbo Fan,SCHD,0.0,0.0,0.0,67.0,VMC,Climb,Probable Cause,1987,Boeing-7372B7,67.0,0.0,0.0,100.0
18377,19693,Incident,1988-02-19,"CHICAGO, IL",United States,Incident,,,Boeing,747227B,No,4.0,Turbo Fan,SCHD,0.0,0.0,0.0,297.0,VMC,Takeoff,Probable Cause,1988,Boeing-747227B,297.0,0.0,0.0,100.0
18711,20053,Incident,1988-04-13,"PORTLAND, OR",United States,Incident,Minor,,Boeing,727290,No,3.0,Turbo Fan,SCHD,0.0,0.0,0.0,98.0,VMC,Taxi,Probable Cause,1988,Boeing-727290,98.0,0.0,0.0,100.0
18847,20200,Incident,1988-05-02,"NR TOKYO, Japan",Japan,Incident,Minor,Airplane,Boeing,747123,No,4.0,Turbo Fan,SCHD,0.0,0.0,0.0,258.0,VMC,Cruise,Probable Cause,1988,Boeing-747123,258.0,0.0,0.0,100.0
19006,20369,Incident,1988-05-24,"NEW ORLEANS, LA",United States,Incident,Minor,,Boeing,7373T0,No,2.0,Turbo Fan,SCHD,0.0,0.0,0.0,45.0,VMC,Descent,Probable Cause,1988,Boeing-7373T0,45.0,0.0,0.0,100.0
19367,20756,Incident,1988-07-06,"INDIANAPOLIS, IN",United States,Incident,,,Boeing,737130,No,2.0,Turbo Fan,SCHD,0.0,0.0,0.0,36.0,VMC,Descent,Probable Cause,1988,Boeing-737130,36.0,0.0,0.0,100.0
19879,21311,Accident,1988-08-27,"CHICAGO, IL",United States,Non-Fatal,Substantial,,Boeing,72731,No,3.0,Turbo Fan,SCHD,0.0,0.0,7.0,61.0,VMC,Approach,Probable Cause,1988,Boeing-72731,68.0,0.0,0.0,100.0
20304,21767,Incident,1988-10-24,"CHICAGO, IL",United States,Incident,Minor,,Boeing,B727200A,No,3.0,Turbo Fan,SCHD,0.0,0.0,0.0,80.0,VMC,Takeoff,Probable Cause,1988,Boeing-B727200A,80.0,0.0,0.0,100.0
20448,21918,Incident,1988-11-16,"SANFORD, FL",United States,Incident,Minor,,Boeing,707355C,No,4.0,Turbo Fan,,0.0,0.0,0.0,12.0,VMC,Landing,Probable Cause,1988,Boeing-707355C,12.0,0.0,0.0,100.0
20580,22058,Accident,1988-12-16,,Hong Kong,Non-Fatal,Substantial,,Boeing,747124,No,4.0,Unknown,NSCH,0.0,0.0,0.0,15.0,UNK,,Foreign,1988,Boeing-747124,15.0,0.0,0.0,100.0
20638,22116,Incident,1988-12-26,"MORGANTOWN, WV",United States,Incident,Minor,,Boeing,72725,No,3.0,Turbo Fan,SCHD,0.0,0.0,2.0,108.0,VMC,Cruise,Probable Cause,1988,Boeing-72725,110.0,0.0,0.0,100.0
21073,22577,Incident,1989-03-21,"SAN ANTONIO, TX",United States,Incident,,,Boeing,727200A,No,3.0,Turbo Fan,SCHD,0.0,0.0,0.0,261.0,UNK,Cruise,Probable Cause,1989,Boeing-727200A,261.0,0.0,0.0,100.0
21287,22809,Incident,1989-04-23,"NEW YORK, NY",United States,Incident,,,Boeing,747284B,No,4.0,Turbo Fan,SCHD,0.0,0.0,0.0,241.0,VMC,Approach,Probable Cause,1989,Boeing-747284B,241.0,0.0,0.0,100.0
21482,23024,Incident,1989-05-24,"DENVER, CO",United States,Incident,Minor,,Boeing,727247,No,3.0,Turbo Fan,SCHD,0.0,0.0,0.0,121.0,VMC,Taxi,Probable Cause,1989,Boeing-727247,121.0,0.0,0.0,100.0
22149,23738,Incident,1989-08-10,"BOSTON, MA",United States,Incident,Minor,,Boeing,727254,No,3.0,Turbo Fan,SCHD,0.0,0.0,2.0,54.0,VMC,Approach,Probable Cause,1989,Boeing-727254,56.0,0.0,0.0,100.0
22368,23974,Incident,1989-09-05,"KNOX, IN",United States,Incident,,,Boeing,767231,No,2.0,Turbo Fan,SCHD,0.0,0.0,6.0,156.0,IMC,Cruise,Probable Cause,1989,Boeing-767231,162.0,0.0,0.0,100.0
22384,23991,Incident,1989-09-08,"KANSAS CITY, MO",United States,Incident,Minor,,Boeing,737200A,No,2.0,Turbo Fan,SCHD,0.0,0.0,0.0,65.0,IMC,Approach,Probable Cause,1989,Boeing-737200A,65.0,0.0,0.0,100.0
22947,24596,Accident,1989-12-08,"NEWARK, NJ",United States,Non-Fatal,Substantial,,Boeing,72731,No,3.0,Turbo Fan,,0.0,0.0,0.0,7.0,VMC,Cruise,Probable Cause,1989,Boeing-72731,7.0,0.0,0.0,100.0
23250,24920,Incident,1990-02-17,"WASHINGTON, DC",United States,Incident,Minor,,Boeing,B72729,No,3.0,Turbo Jet,SCHD,0.0,0.0,0.0,86.0,VMC,Approach,Probable Cause,1990,Boeing-B72729,86.0,0.0,0.0,100.0
25262,27105,Incident,1990-12-05,"DETROIT, MI",United States,Incident,Minor,,Boeing,727257,No,3.0,Turbo Fan,SCHD,0.0,0.0,0.0,76.0,VMC,Standing,Probable Cause,1990,Boeing-727257,76.0,0.0,0.0,100.0
25325,27170,Incident,1990-12-19,"DENVER, CO",United States,Incident,Minor,,Boeing,72722,No,3.0,Turbo Fan,SCHD,0.0,0.0,0.0,125.0,IMC,Takeoff,Probable Cause,1990,Boeing-72722,125.0,0.0,0.0,100.0
25374,27222,Incident,1991-01-03,"DES MOINES, IA",United States,Incident,,,Boeing,B727223,No,3.0,Turbo Jet,SCHD,0.0,0.0,2.0,102.0,VMC,Taxi,Probable Cause,1991,Boeing-B727223,104.0,0.0,0.0,100.0
25966,27860,Incident,1991-04-29,"CHURCHVILLE, NY",United States,Incident,Minor,,Boeing,747Sp,No,4.0,Turbo Fan,SCHD,0.0,0.0,0.0,102.0,VMC,Cruise,Probable Cause,1991,Boeing-747Sp,102.0,0.0,0.0,100.0
26456,28395,Incident,1991-07-02,"BUFFALO, NY",United States,Incident,,,Boeing,727254,No,3.0,Turbo Jet,NSCH,0.0,0.0,0.0,157.0,VMC,Approach,Probable Cause,1991,Boeing-727254,157.0,0.0,0.0,100.0
27372,29404,Incident,1991-11-02,GULF OF MEXICO,GULF OF MEXICO,Incident,Minor,,Boeing,72731,No,3.0,Turbo Fan,NSCH,0.0,0.0,0.0,118.0,VMC,Cruise,Probable Cause,1991,Boeing-72731,118.0,0.0,0.0,100.0
27781,29848,Incident,1992-02-09,SAN JUAN,Puerto Rico,Incident,Minor,,Boeing,727214A,No,3.0,Turbo Fan,SCHD,0.0,0.0,0.0,157.0,VMC,Takeoff,Probable Cause,1992,Boeing-727214A,157.0,0.0,0.0,100.0
27955,30046,Incident,1992-03-19,"LOUISVILLE, KY",United States,Incident,Minor,,Boeing,747123,No,4.0,Turbo Fan,SCHD,0.0,0.0,0.0,4.0,VMC,Taxi,Probable Cause,1992,Boeing-747123,4.0,0.0,0.0,100.0
28575,30741,Incident,1992-06-27,"JAMICA, NY",United States,Incident,Minor,,Boeing,767231Er,No,2.0,Turbo Fan,SCHD,0.0,0.0,0.0,195.0,VMC,Takeoff,Probable Cause,1992,Boeing-767231Er,195.0,0.0,0.0,100.0
28927,31145,Accident,1992-08-11,"NEWARK, NJ",United States,Non-Fatal,Substantial,,Boeing,747238,No,4.0,Turbo Fan,SCHD,0.0,0.0,0.0,361.0,VMC,Taxi,Probable Cause,1992,Boeing-747238,361.0,0.0,0.0,100.0
29233,31479,Incident,1992-09-19,"RIO DE JANEIRO, Brazil",Brazil,Incident,Minor,,Boeing,747287,No,0.0,Unknown,SCHD,0.0,0.0,0.0,191.0,VMC,,Foreign,1992,Boeing-747287,191.0,0.0,0.0,100.0
29555,31838,Accident,1992-11-20,"SAN LUIS, Argentina",Argentina,Non-Fatal,Destroyed,,Boeing,737200C,No,0.0,Unknown,SCHD,0.0,0.0,0.0,113.0,VMC,,Foreign,1992,Boeing-737200C,113.0,0.0,0.0,100.0
29900,32202,Incident,1993-02-13,"PORTLAND, ME",United States,Incident,,,Boeing,737130,No,2.0,Turbo Fan,SCHD,0.0,0.0,0.0,99.0,IMC,Landing,Probable Cause,1993,Boeing-737130,99.0,0.0,0.0,100.0
30041,32360,Incident,1993-03-15,"NEWARK, NJ",United States,Incident,,,Boeing,737130,No,2.0,Turbo Fan,SCHD,0.0,0.0,0.0,61.0,VMC,Takeoff,Probable Cause,1993,Boeing-737130,61.0,0.0,0.0,100.0
30140,32466,Accident,1993-04-05,"GUATEMALA CITY, PANAMA",Panama,Non-Fatal,Substantial,,Boeing,767251,No,0.0,Unknown,SCHD,0.0,0.0,9.0,215.0,VMC,,Foreign,1993,Boeing-767251,224.0,0.0,0.0,100.0
30171,32499,Incident,1993-04-10,"KANSAS CITY, MO",United States,Incident,,,Boeing,767233,No,2.0,Turbo Fan,SCHD,0.0,0.0,0.0,101.0,VMC,Cruise,Probable Cause,1993,Boeing-767233,101.0,0.0,0.0,100.0
30186,32517,Incident,1993-04-12,"ALEXANDRIA, LA",United States,Incident,Minor,,Boeing,747269Bc,No,4.0,Turbo Jet,NSCH,0.0,0.0,0.0,40.0,VMC,Climb,Probable Cause,1993,Boeing-747269Bc,40.0,0.0,0.0,100.0
30921,33338,Accident,1993-07-25,"JAMAICA, NY",United States,Non-Fatal,Minor,,Boeing,747368,No,4.0,Turbo Fan,SCHD,0.0,0.0,0.0,193.0,VMC,Taxi,Probable Cause,1993,Boeing-747368,193.0,0.0,0.0,100.0
31322,33789,Incident,1993-09-13,"JAMAICA, NY",United States,Incident,,,Boeing,757200Er,No,2.0,Turbo Fan,SCHD,0.0,0.0,0.0,85.0,VMC,Cruise,Probable Cause,1993,Boeing-757200Er,85.0,0.0,0.0,100.0
31376,33847,Incident,1993-09-21,"INDIANAPOLIS, IN",United States,Incident,,,Boeing,7373B7,No,2.0,Turbo Fan,SCHD,0.0,0.0,0.0,88.0,VMC,Cruise,Probable Cause,1993,Boeing-7373B7,88.0,0.0,0.0,100.0
31758,34261,Incident,1993-12-08,"DFW AIRPORT, TX",United States,Incident,Minor,,Boeing,73733A,No,2.0,Turbo Jet,SCHD,0.0,0.0,0.0,69.0,IMC,Approach,Probable Cause,1993,Boeing-73733A,69.0,0.0,0.0,100.0
31974,34493,Incident,1994-02-09,"CHICAGO, IL",United States,Incident,Minor,,Boeing,737130,No,2.0,Turbo Jet,SCHD,0.0,0.0,0.0,100.0,VMC,Landing,Probable Cause,1994,Boeing-737130,100.0,0.0,0.0,100.0
32387,34944,Incident,1994-04-26,"HONOLULU, HI",United States,Incident,,,Boeing,737209,No,2.0,Turbo Jet,SCHD,0.0,0.0,1.0,58.0,VMC,Approach,Probable Cause,1994,Boeing-737209,59.0,0.0,0.0,100.0
32420,34982,Incident,1994-05-03,"NASHVILLE, TN",United States,Incident,,,Saab_Scania,S340B,No,2.0,Turbo Prop,SCHD,0.0,0.0,0.0,16.0,IMC,Cruise,Probable Cause,1994,Saab_Scania-S340B,16.0,0.0,0.0,100.0
32464,35028,Incident,1994-05-12,"TEXARKANA, AR",United States,Incident,Minor,,Saab_Scania,Sf34Ob,No,2.0,Turbo Prop,SCHD,0.0,0.0,0.0,28.0,VMC,Takeoff,Probable Cause,1994,Saab_Scania-Sf34Ob,28.0,0.0,0.0,100.0
33624,36328,Incident,1994-11-02,"CHICAG0, IL",United States,Incident,Minor,,Boeing,747251B,No,4.0,Turbo Jet,,0.0,0.0,0.0,3.0,VMC,Taxi,Probable Cause,1994,Boeing-747251B,3.0,0.0,0.0,100.0
33874,36596,Incident,1995-01-01,"HOUSTON, TX",United States,Incident,,,Boeing,7373A4,No,2.0,Turbo Fan,SCHD,0.0,0.0,0.0,66.0,VMC,Approach,Probable Cause,1995,Boeing-7373A4,66.0,0.0,0.0,100.0
33940,36666,Incident,1995-01-19,"ATLANTA, GA",United States,Incident,Minor,,Boeing,737247,No,2.0,Turbo Jet,SCHD,0.0,0.0,0.0,28.0,IMC,Landing,Probable Cause,1995,Boeing-737247,28.0,0.0,0.0,100.0
33972,36703,Accident,1995-01-28,"BELLEVILLE, MI",United States,Non-Fatal,Substantial,,Boeing,747238B,No,4.0,Turbo Jet,,0.0,0.0,0.0,4.0,VMC,Takeoff,Probable Cause,1995,Boeing-747238B,4.0,0.0,0.0,100.0
34268,37017,Incident,1995-04-03,"DFW AIRPORT, TX",United States,Incident,Minor,,Boeing,727276,No,3.0,Turbo Jet,NSCH,0.0,0.0,2.0,158.0,VMC,Climb,Probable Cause,1995,Boeing-727276,160.0,0.0,0.0,100.0
34497,37281,Incident,1995-05-19,"NEWARK, NJ",United States,Incident,Minor,Airplane,Boeing,767383Er,No,2.0,Turbo Fan,SCHD,0.0,0.0,0.0,288.0,VMC,Taxi,Probable Cause,1995,Boeing-767383Er,288.0,0.0,0.0,100.0
34838,37662,Incident,1995-07-04,"LAS VEGAS, NV",United States,Incident,Minor,,Boeing,727257,No,3.0,Turbo Fan,SCHD,0.0,0.0,0.0,53.0,VMC,Landing,Probable Cause,1995,Boeing-727257,53.0,0.0,0.0,100.0
34848,37672,Incident,1995-07-05,"TEMPLE, TX",United States,Incident,Minor,,Saab_Scania,Sf340A,No,2.0,Turbo Prop,SCHD,0.0,0.0,0.0,6.0,VMC,Takeoff,Probable Cause,1995,Saab_Scania-Sf340A,6.0,0.0,0.0,100.0
34965,37804,Incident,1995-07-18,"ORLANDO, FL",United States,Incident,,,Boeing,7373B7,No,2.0,Turbo Fan,SCHD,0.0,0.0,0.0,120.0,VMC,Descent,Probable Cause,1995,Boeing-7373B7,120.0,0.0,0.0,100.0
35041,37889,Accident,1995-07-28,"DALLAS, TX",United States,Non-Fatal,Minor,,Boeing,7373A4,No,2.0,Turbo Fan,SCHD,0.0,0.0,0.0,99.0,VMC,Taxi,Probable Cause,1995,Boeing-7373A4,99.0,0.0,0.0,100.0
35100,37953,Incident,1995-08-05,"CHARLOTTE, NC",United States,Incident,,,Boeing,7373B7,No,2.0,Turbo Fan,SCHD,0.0,0.0,0.0,83.0,VMC,Descent,Probable Cause,1995,Boeing-7373B7,83.0,0.0,0.0,100.0
35193,38053,Incident,1995-08-14,"JAMAICA, NY",United States,Incident,Minor,,Boeing,747130,No,4.0,Turbo Fan,SCHD,0.0,0.0,0.0,436.0,VMC,Climb,Probable Cause,1995,Boeing-747130,436.0,0.0,0.0,100.0
35227,38089,Accident,1995-08-17,"PHILADELPHIA, PA",United States,Non-Fatal,Substantial,,Saab_Scania,Sf340A,No,2.0,Turbo Prop,SCHD,0.0,0.0,0.0,31.0,VMC,Standing,Probable Cause,1995,Saab_Scania-Sf340A,31.0,0.0,0.0,100.0
35292,38160,Incident,1995-08-25,"FORT LAUDERDALE, FL",United States,Incident,,,Boeing,7373B7,No,2.0,Turbo Fan,SCHD,0.0,0.0,0.0,50.0,VMC,Descent,Probable Cause,1995,Boeing-7373B7,50.0,0.0,0.0,100.0
35682,38605,Incident,1995-10-30,"LAS VEGAS, NV",United States,Incident,,,Boeing,7375H4,No,2.0,Turbo Fan,SCHD,0.0,0.0,1.0,96.0,VMC,Climb,Probable Cause,1995,Boeing-7375H4,97.0,0.0,0.0,100.0
35693,38617,Incident,1995-11-02,"PORTLAND, ME",United States,Incident,Minor,,Boeing,7373B7,No,2.0,Turbo Fan,SCHD,0.0,0.0,0.0,62.0,IMC,Takeoff,Probable Cause,1995,Boeing-7373B7,62.0,0.0,0.0,100.0
35715,38640,Incident,1995-11-07,"PANAMA CITY, Panama",Panama,Incident,Minor,Airplane,Boeing,B727224,No,,Unknown,SCHD,0.0,0.0,2.0,10.0,UNK,,Foreign,1995,Boeing-B727224,12.0,0.0,0.0,100.0
35839,38779,Incident,1995-12-06,"JAMAICA, NY",United States,Incident,Minor,,Boeing,747240,No,4.0,Turbo Fan,SCHD,0.0,0.0,0.0,255.0,VMC,Takeoff,Probable Cause,1995,Boeing-747240,255.0,0.0,0.0,100.0
35854,38794,Incident,1995-12-10,"AMSTERDAM, Netherlands",Netherlands,Incident,Minor,,Boeing,747212B,No,4.0,Turbo Fan,SCHD,0.0,0.0,0.0,306.0,IMC,Go-around,Probable Cause,1995,Boeing-747212B,306.0,0.0,0.0,100.0
35967,38914,Incident,1996-01-05,"LOS ANGELES, CA",United States,Incident,Minor,,Boeing,747251B,No,4.0,Turbo Fan,SCHD,0.0,0.0,0.0,385.0,VMC,Climb,Probable Cause,1996,Boeing-747251B,385.0,0.0,0.0,100.0
36044,38995,Accident,1996-01-23,"MIAMI, FL",United States,Non-Fatal,Substantial,,Boeing,747243B,No,4.0,Turbo Fan,SCHD,0.0,0.0,0.0,459.0,VMC,Taxi,Probable Cause,1996,Boeing-747243B,459.0,0.0,0.0,100.0
36148,39108,Incident,1996-02-20,"PITTSBURGH, PA",United States,Incident,,,Boeing,7672B7,No,2.0,Turbo Fan,SCHD,0.0,0.0,7.0,140.0,VMC,Approach,Probable Cause,1996,Boeing-7672B7,147.0,0.0,0.0,100.0
36149,39109,Incident,1996-02-20,"WASHINGTON, DC",United States,Incident,Minor,,Boeing,737130,No,2.0,Turbo Fan,SCHD,0.0,0.0,0.0,79.0,IMC,Landing,Probable Cause,1996,Boeing-737130,79.0,0.0,0.0,100.0
36506,39502,Incident,1996-04-30,"ONTARIO, CA",United States,Incident,Minor,,Boeing,7373003H4,No,2.0,Turbo Fan,SCHD,0.0,0.0,0.0,132.0,VMC,Approach,Probable Cause,1996,Boeing-7373003H4,132.0,0.0,0.0,100.0
36579,39584,Incident,1996-05-12,"INDIANAPOLIS, IN",United States,Incident,,,Boeing,727290,No,3.0,Turbo Fan,SCHD,0.0,0.0,11.0,101.0,VMC,Cruise,Probable Cause,1996,Boeing-727290,112.0,0.0,0.0,100.0
36667,39684,Incident,1996-05-28,"BOSTON, MA",United States,Incident,Minor,,Boeing,76731Aer,No,2.0,Turbo Fan,SCHD,0.0,0.0,0.0,202.0,VMC,Cruise,Probable Cause,1996,Boeing-76731Aer,202.0,0.0,0.0,100.0
37765,40911,Incident,1996-11-19,"CHICAGO, IL",United States,Incident,,,Boeing,767300Er33A,No,2.0,Turbo Fan,SCHD,0.0,0.0,0.0,140.0,VMC,Approach,Probable Cause,1996,Boeing-767300Er33A,140.0,0.0,0.0,100.0
38558,41774,Accident,1997-05-14,"LONDON, UNITED KINGDOM",United Kingdom,Non-Fatal,Substantial,Airplane,Boeing,B777,No,2.0,Turbo Fan,SCHD,0.0,0.0,0.0,573.0,VMC,,Foreign,1997,Boeing-B777,573.0,0.0,0.0,100.0
38780,42020,Incident,1997-06-20,"COPENHAGEN, Denmark",Denmark,Incident,,,Boeing,737548,No,2.0,Turbo Fan,SCHD,0.0,0.0,0.0,66.0,VMC,,Foreign,1997,Boeing-737548,66.0,0.0,0.0,100.0
38919,42178,Accident,1997-07-06,"ALBUQUERQUE, NM",United States,Non-Fatal,Substantial,,Boeing,727247,No,3.0,Turbo Fan,SCHD,0.0,0.0,3.0,153.0,VMC,Landing,Probable Cause,1997,Boeing-727247,156.0,0.0,0.0,100.0
38941,42200,Incident,1997-07-09,"INDIANAPOLIS, IN",United States,Incident,Minor,,Boeing,B727200,No,3.0,Turbo Jet,NSCH,0.0,0.0,0.0,11.0,IMC,Standing,Probable Cause,1997,Boeing-B727200,11.0,0.0,0.0,100.0
39419,42747,Incident,1997-09-24,"SALT LAKE CITY, UT",United States,Incident,Minor,,Boeing,737200Rs,No,2.0,Turbo Jet,SCHD,0.0,0.0,1.0,68.0,VMC,Takeoff,Probable Cause,1997,Boeing-737200Rs,69.0,0.0,0.0,100.0
39435,42763,Incident,1997-09-27,"SEATTLE, WA",United States,Incident,,,Boeing,7373T0,No,2.0,Turbo Fan,SCHD,0.0,0.0,0.0,134.0,VMC,Takeoff,Probable Cause,1997,Boeing-7373T0,134.0,0.0,0.0,100.0
40112,43511,Incident,1998-03-11,"ANCHORAGE, AK",United States,Incident,,,Boeing,737205,No,2.0,Turbo Fan,,0.0,0.0,0.0,81.0,UNK,Standing,Probable Cause,1998,Boeing-737205,81.0,0.0,0.0,100.0
40480,43934,Incident,1998-05-18,"MINNEAPOLIS, MN",United States,Incident,,,Boeing,747123,No,4.0,Turbo Fan,NSCH,0.0,0.0,0.0,3.0,UNK,Cruise,Probable Cause,1998,Boeing-747123,3.0,0.0,0.0,100.0
40719,44212,Incident,1998-06-22,"LARNACA, Cyprus",Cyprus,Incident,Minor,,Boeing,7572Y0,No,,Unknown,UNK,0.0,0.0,0.0,217.0,VMC,,Foreign,1998,Boeing-7572Y0,217.0,0.0,0.0,100.0
41087,44631,Incident,1998-08-08,"LAS VEGAS, NV",United States,Incident,Minor,,Boeing,7272Q8,No,3.0,Turbo Fan,SCHD,0.0,0.0,0.0,155.0,VMC,Taxi,Probable Cause,1998,Boeing-7272Q8,155.0,0.0,0.0,100.0
41463,45056,Accident,1998-10-05,"MOPZAMBIQUE, MOZAMBIQUE",Mozambique,Non-Fatal,Substantial,,Boeing,747Sp,No,,Unknown,SCHD,0.0,0.0,0.0,3.0,UNK,,Foreign,1998,Boeing-747Sp,3.0,0.0,0.0,100.0
41532,45135,Incident,1998-10-21,"HONOLULU, HI",United States,Incident,,,Boeing,Md11,No,3.0,Turbo Fan,SCHD,0.0,0.0,0.0,3.0,VMC,Climb,Probable Cause,1998,Boeing-Md11,3.0,0.0,0.0,100.0
41596,45211,Incident,1998-11-06,"NEWARK, NJ",United States,Incident,Minor,,Boeing,7373To,No,2.0,Turbo Fan,SCHD,0.0,0.0,0.0,110.0,VMC,Landing,Probable Cause,1998,Boeing-7373To,110.0,0.0,0.0,100.0
41780,45422,Accident,1998-12-21,"DENVER, CO",United States,Non-Fatal,Substantial,,Boeing,727233,No,3.0,Turbo Fan,NSCH,0.0,0.0,0.0,3.0,VMC,Taxi,Probable Cause,1998,Boeing-727233,3.0,0.0,0.0,100.0
41886,45537,Incident,1999-01-20,PACIFIC OCEAN,PACIFIC OCEAN,Incident,Minor,,Boeing,747238B,No,4.0,Turbo Fan,SCHD,0.0,0.0,14.0,340.0,VMC,Cruise,Probable Cause,1999,Boeing-747238B,354.0,0.0,0.0,100.0
42548,46284,Accident,1999-06-06,"LOS ANGELES, CA",United States,Non-Fatal,Substantial,,Boeing,747Sp,No,4.0,Turbo Fan,SCHD,0.0,0.0,0.0,699.0,VMC,Standing,Probable Cause,1999,Boeing-747Sp,699.0,0.0,0.0,100.0
42554,46293,Accident,1999-06-06,"LOS ANGELES, CA",United States,Non-Fatal,Minor,,Boeing,7474F6B,No,4.0,Turbo Fan,SCHD,0.0,0.0,0.0,699.0,VMC,Taxi,Probable Cause,1999,Boeing-7474F6B,699.0,0.0,0.0,100.0
42679,46440,Incident,1999-06-25,"SAN DIEGO, CA",United States,Incident,,,Boeing,Dc982,No,2.0,Turbo Jet,SCHD,0.0,0.0,0.0,141.0,VMC,Takeoff,Probable Cause,1999,Boeing-Dc982,141.0,0.0,0.0,100.0
43203,47024,Incident,1999-09-02,"TAIPEI, TAIWAN",Taiwan,Incident,Substantial,Airplane,Boeing,747Sp,No,,Unknown,SCHD,0.0,0.0,0.0,3.0,UNK,,Foreign,1999,Boeing-747Sp,3.0,0.0,0.0,100.0
43762,47648,Incident,1999-12-24,"SALT LAKE CITY, UT",United States,Incident,Minor,,Boeing,737347,No,2.0,Turbo Fan,SCHD,0.0,0.0,0.0,135.0,VMC,Takeoff,Probable Cause,1999,Boeing-737347,135.0,0.0,0.0,100.0
43791,47682,Incident,2000-01-02,"AMSTERDAM, Netherlands",Netherlands,Incident,Minor,Airplane,Boeing,7373K2,No,,Unknown,NSCH,0.0,0.0,0.0,143.0,UNK,,Foreign,2000,Boeing-7373K2,143.0,0.0,0.0,100.0
44130,48047,Incident,2000-03-24,"BOSTON, MA",United States,Incident,Minor,,Boeing,727247,No,3.0,Turbo Jet,SCHD,0.0,0.0,0.0,202.0,VMC,Taxi,Probable Cause,2000,Boeing-727247,202.0,0.0,0.0,100.0
44139,48059,Incident,2000-03-26,"JEDDAH, SAUDI ARABIA",Saudi Arabia,Incident,Substantial,Airplane,Boeing,B747267B,No,,Unknown,NSCH,0.0,0.0,0.0,16.0,UNK,,Foreign,2000,Boeing-B747267B,16.0,0.0,0.0,100.0
44305,48251,Incident,2000-04-25,"CHICAGO, IL",United States,Incident,,,Boeing,777223Er,No,2.0,Turbo Fan,SCHD,0.0,0.0,0.0,167.0,VMC,Takeoff,Probable Cause,2000,Boeing-777223Er,167.0,0.0,0.0,100.0
44708,48725,Accident,2000-07-02,"ORLANDO, FL",United States,Non-Fatal,Substantial,,Boeing,73749R,No,2.0,Turbo Fan,SCHD,0.0,0.0,0.0,128.0,VMC,Taxi,Probable Cause,2000,Boeing-73749R,128.0,0.0,0.0,100.0
44971,49030,Incident,2000-08-06,"CHICAGO, IL",United States,Incident,,,Boeing,B747422,No,4.0,Unknown,SCHD,0.0,0.0,0.0,363.0,VMC,Takeoff,Probable Cause,2000,Boeing-B747422,363.0,0.0,0.0,100.0
45254,49358,Accident,2000-09-15,"FLUSHING, NY",United States,Non-Fatal,Substantial,,Boeing,73749R,No,2.0,Turbo Fan,SCHD,0.0,0.0,0.0,58.0,VMC,Taxi,Probable Cause,2000,Boeing-73749R,58.0,0.0,0.0,100.0
45444,49564,Incident,2000-10-17,"WOOD DALE, IL",United States,Incident,Minor,,Boeing,B72761,No,3.0,Turbo Jet,,0.0,0.0,0.0,108.0,VMC,Approach,Probable Cause,2000,Boeing-B72761,108.0,0.0,0.0,100.0
45872,50033,Accident,2001-02-03,"BOSTON, MA",United States,Non-Fatal,Substantial,Airplane,Boeing,B737832,No,2.0,Turbo Fan,SCHD,0.0,0.0,0.0,135.0,VMC,Taxi,Probable Cause,2001,Boeing-B737832,135.0,0.0,0.0,100.0
45951,50123,Incident,2001-02-19,"Milwaukee, WI",United States,Incident,,,Boeing,717231,No,2.0,Turbo Fan,SCHD,0.0,0.0,0.0,67.0,VMC,Takeoff,Probable Cause,2001,Boeing-717231,67.0,0.0,0.0,100.0
46030,50212,Accident,2001-03-11,"POHNPEI ISLAND, FEDERATED STATES OF MICRONESIA",Federated States Of Micronesia,Non-Fatal,Substantial,,Boeing,727223B,No,,,NSCH,0.0,0.0,0.0,3.0,VMC,,Foreign,2001,Boeing-727223B,3.0,0.0,0.0,100.0
46398,50623,Incident,2001-05-25,"Harrisburg, PA",United States,Incident,Minor,,Boeing,727233,No,3.0,Turbo Jet,SCHD,0.0,0.0,0.0,3.0,VMC,Standing,Probable Cause,2001,Boeing-727233,3.0,0.0,0.0,100.0
46989,51308,Incident,2001-08-16,"DFW Airport, TX",United States,Incident,Minor,,Boeing,737347,No,2.0,Turbo Fan,SCHD,0.0,0.0,0.0,190.0,VMC,Takeoff,Probable Cause,2001,Boeing-737347,190.0,0.0,0.0,100.0
47430,51806,Accident,2001-11-20,"MEMPHIS, TN",United States,Non-Fatal,Substantial,,Boeing,727233,No,3.0,Turbo Fan,NSCH,0.0,0.0,0.0,5.0,VMC,Approach,Probable Cause,2001,Boeing-727233,5.0,0.0,0.0,100.0
47681,52088,Incident,2002-02-03,"Dublin, Ireland",Ireland,Incident,Minor,,Boeing,Md11,No,,,SCHD,0.0,0.0,0.0,181.0,UNK,,Foreign,2002,Boeing-Md11,181.0,0.0,0.0,100.0
48083,52539,Incident,2002-05-08,"Miami, FL",United States,Incident,Minor,,Boeing,B737448,No,2.0,Turbo Fan,SCHD,0.0,0.0,0.0,160.0,VMC,Cruise,Probable Cause,2002,Boeing-B737448,160.0,0.0,0.0,100.0
48104,52562,Accident,2002-05-11,"CHICAGO, IL",United States,Non-Fatal,Substantial,,Boeing,75733N,No,2.0,Turbo Fan,SCHD,0.0,0.0,0.0,92.0,VMC,Taxi,Probable Cause,2002,Boeing-75733N,92.0,0.0,0.0,100.0
49404,54053,Incident,2003-01-16,"Indianapolis, IN",United States,Incident,Minor,,Boeing,73783N,No,2.0,Turbo Jet,SCHD,0.0,0.0,0.0,79.0,IMC,Taxi,Probable Cause,2003,Boeing-73783N,79.0,0.0,0.0,100.0
49445,54097,Accident,2003-01-26,"RIO BRANCO, BRAZIL",Brazil,Non-Fatal,Substantial,,Boeing,7372M9,No,,,SCHD,0.0,0.0,0.0,93.0,UNK,,Foreign,2003,Boeing-7372M9,93.0,0.0,0.0,100.0
49625,54294,Incident,2003-03-14,"Seattle, WA",United States,Incident,,,Boeing,Dc982,No,2.0,Turbo Fan,SCHD,0.0,0.0,0.0,111.0,VMC,Landing,Probable Cause,2003,Boeing-Dc982,111.0,0.0,0.0,100.0
50815,55646,Accident,2003-10-07,"SAN FRANCISCO, CA",United States,Non-Fatal,Substantial,,Boeing,777281,No,2.0,Turbo Fan,SCHD,0.0,0.0,0.0,450.0,VMC,Taxi,Probable Cause,2003,Boeing-777281,450.0,0.0,0.0,100.0
50816,55647,Accident,2003-10-07,"SAN FRANCISCO, CA",United States,Non-Fatal,Substantial,,Boeing,77722B,No,2.0,Turbo Fan,SCHD,0.0,0.0,0.0,450.0,VMC,Taxi,Probable Cause,2003,Boeing-77722B,450.0,0.0,0.0,100.0
51054,55923,Incident,2003-11-29,"Denver, CO",United States,Incident,,,Boeing,7373M8,No,2.0,Turbo Fan,SCHD,0.0,0.0,0.0,135.0,VMC,Approach,Probable Cause,2003,Boeing-7373M8,135.0,0.0,0.0,100.0
51357,56252,Incident,2004-02-19,"Miami, FL",United States,Incident,,,Boeing,767300 Er,No,2.0,Turbo Fan,SCHD,0.0,0.0,0.0,290.0,VMC,Landing,Probable Cause,2004,Boeing-767300 Er,290.0,0.0,0.0,100.0
52158,57157,Accident,2004-07-28,"Rome, Italy",Italy,Non-Fatal,Minor,,Boeing,767Er,No,,,SCHD,0.0,0.0,0.0,160.0,UNK,,Foreign,2004,Boeing-767Er,160.0,0.0,0.0,100.0
52247,57261,Incident,2004-08-11,"Houston, TX",United States,Incident,Minor,,Boeing,B777,No,2.0,Turbo Fan,SCHD,0.0,0.0,0.0,129.0,VMC,Takeoff,Probable Cause,2004,Boeing-B777,129.0,0.0,0.0,100.0
52362,57392,Accident,2004-08-30,"EL PASO, TX",United States,Non-Fatal,Substantial,,Boeing,7272M7,No,3.0,Turbo Jet,NSCH,0.0,0.0,0.0,3.0,VMC,Approach,Probable Cause,2004,Boeing-7272M7,3.0,0.0,0.0,100.0
52479,57526,Accident,2004-09-19,"MEMPHIS, TN",United States,Non-Fatal,Substantial,,Boeing,Md11,No,3.0,Turbo Fan,NSCH,0.0,0.0,0.0,2.0,VMC,Landing,Probable Cause,2004,Boeing-Md11,2.0,0.0,0.0,100.0
52892,58004,Incident,2004-12-29,"Anchorage, AK",United States,Incident,Minor,,Boeing,747123,No,4.0,Turbo Fan,NSCH,0.0,0.0,0.0,3.0,VMC,Takeoff,Probable Cause,2004,Boeing-747123,3.0,0.0,0.0,100.0
52957,58078,Accident,2005-01-17,"COVINGTON, KY",United States,Non-Fatal,Substantial,,Boeing,737247,No,2.0,Turbo Fan,SCHD,0.0,0.0,0.0,14.0,VMC,Standing,Probable Cause,2005,Boeing-737247,14.0,0.0,0.0,100.0
53160,58303,Accident,2005-03-11,"BUENOS AIRES, ARGENTINA",Argentina,Non-Fatal,Substantial,Airplane,Boeing,B777,No,,,SCHD,0.0,0.0,8.0,201.0,UNK,,Foreign,2005,Boeing-B777,209.0,0.0,0.0,100.0
53180,58323,Incident,2005-03-14,"Buenos Aires, Argentina",Argentina,Incident,,,Boeing,B767,No,,,SCHD,0.0,0.0,5.0,173.0,UNK,,Foreign,2005,Boeing-B767,178.0,0.0,0.0,100.0
53187,58330,Accident,2005-03-16,"Newark, NJ",United States,Non-Fatal,Minor,,Boeing,73772T,No,2.0,Turbo Fan,NSCH,0.0,0.0,0.0,14.0,VMC,Taxi,Probable Cause,2005,Boeing-73772T,14.0,0.0,0.0,100.0
53476,58667,Accident,2005-05-20,"LONDON, UNITED KINGDOM",United Kingdom,Non-Fatal,Substantial,Airplane,Boeing,B777232,No,,,SCHD,0.0,0.0,0.0,309.0,UNK,,Foreign,2005,Boeing-B777232,309.0,0.0,0.0,100.0
53587,58798,Incident,2005-06-09,"Boston, MA",United States,Incident,,,Boeing,7373B7,No,2.0,Turbo Fan,SCHD,0.0,0.0,0.0,448.0,VMC,Takeoff,Probable Cause,2005,Boeing-7373B7,448.0,0.0,0.0,100.0
53591,58802,Incident,2005-06-09,"colorado spring, CO",United States,Incident,,,Bombardier,Cl6002D15,No,,,SCHD,0.0,0.0,0.0,66.0,UNK,Cruise,Probable Cause,2005,Bombardier-Cl6002D15,66.0,0.0,0.0,100.0
54089,59373,Accident,2005-08-20,"CHICAGO, IL",United States,Non-Fatal,Substantial,,Boeing,75733N,No,2.0,Turbo Fan,SCHD,0.0,0.0,0.0,171.0,VMC,Taxi,Probable Cause,2005,Boeing-75733N,171.0,0.0,0.0,100.0
54132,59426,Accident,2005-08-29,"PORTLAND, OR",United States,Non-Fatal,Substantial,,Bombardier,Dhc8202,No,2.0,Turbo Prop,SCHD,0.0,0.0,0.0,270.0,VMC,Standing,Probable Cause,2005,Bombardier-Dhc8202,270.0,0.0,0.0,100.0
54478,59819,Accident,2005-11-06,"HEATHROW IAP, UNITED KINGDOM",United Kingdom,Non-Fatal,Substantial,Airplane,Boeing,B777,No,,,SCHD,0.0,0.0,0.0,243.0,UNK,,Foreign,2005,Boeing-B777,243.0,0.0,0.0,100.0
54609,59967,Incident,2005-12-15,"Houston, TX",United States,Incident,Minor,,Boeing,B737924,No,2.0,Turbo Jet,SCHD,0.0,0.0,0.0,176.0,VMC,Standing,Probable Cause,2005,Boeing-B737924,176.0,0.0,0.0,100.0
54695,60058,Incident,2006-01-02,"Santa Maria, CA",United States,Incident,,Airplane,Saab_Scania,Sf340B+,No,2.0,Turbo Prop,SCHD,0.0,0.0,0.0,28.0,IMC,Climb,Probable Cause,2006,Saab_Scania-Sf340B+,28.0,0.0,0.0,100.0
54747,60116,Incident,2006-01-19,"Denver, CO",United States,Incident,Minor,,Boeing,B777200B,No,2.0,Turbo Fan,SCHD,0.0,0.0,0.0,184.0,IMC,Standing,Probable Cause,2006,Boeing-B777200B,184.0,0.0,0.0,100.0
55383,60837,Incident,2006-06-12,"Accra, Ghana",Ghana,Incident,Minor,,Boeing,7372M2,No,,,SCHD,0.0,0.0,0.0,28.0,UNK,,Foreign,2006,Boeing-7372M2,28.0,0.0,0.0,100.0
55630,61118,Incident,2006-07-24,"Cancun, Mexico",Mexico,Incident,,,Boeing,B767200,No,,,SCHD,0.0,0.0,4.0,138.0,UNK,,Foreign,2006,Boeing-B767200,142.0,0.0,0.0,100.0
55846,61371,Accident,2006-09-05,"SAN JUAN, PR",United States,Non-Fatal,Substantial,,Boeing,B757232,No,2.0,Turbo Fan,SCHD,0.0,0.0,0.0,116.0,VMC,Landing,Probable Cause,2006,Boeing-B757232,116.0,0.0,0.0,100.0
56054,61623,Incident,2006-10-28,"Newark, NJ",United States,Incident,,,Boeing,757224,No,2.0,Turbo Jet,SCHD,0.0,0.0,0.0,154.0,VMC,Landing,Probable Cause,2006,Boeing-757224,154.0,0.0,0.0,100.0
56251,61861,Accident,2006-12-26,"SAN DIEGO, CA",United States,Non-Fatal,Substantial,Airplane,Boeing,7373A4,No,2.0,Turbo Fan,SCHD,0.0,0.0,0.0,208.0,VMC,Taxi,Probable Cause,2006,Boeing-7373A4,208.0,0.0,0.0,100.0
56257,61867,Incident,2006-12-26,"Miami, FL",United States,Incident,,Airplane,Boeing,747436,No,4.0,Turbo Fan,SCHD,0.0,0.0,0.0,368.0,VMC,Taxi,Probable Cause,2006,Boeing-747436,368.0,0.0,0.0,100.0
56313,61929,Incident,2007-01-10,"Atlanta, GA",United States,Incident,,,Boeing,757212,No,,,SCHD,0.0,0.0,0.0,173.0,VMC,Takeoff,Probable Cause,2007,Boeing-757212,173.0,0.0,0.0,100.0
56467,62107,Accident,2007-02-26,"LONDON, UNITED KINGDOM",United Kingdom,Non-Fatal,Substantial,Airplane,Boeing,777200B,No,,,SCHD,0.0,0.0,0.0,205.0,UNK,,Foreign,2007,Boeing-777200B,205.0,0.0,0.0,100.0
57928,63798,Incident,2007-12-02,"Baltimore, MD",United States,Incident,,,Bombardier,Crj1,No,,,SCHD,0.0,0.0,0.0,184.0,VMC,Takeoff,Probable Cause,2007,Bombardier-Crj1,184.0,0.0,0.0,100.0
58156,64062,Incident,2008-02-10,"Cusco, Peru",Peru,Non-Fatal,,Airplane,Boeing,737217,No,,,SCHD,0.0,0.0,0.0,55.0,UNK,,,2008,Boeing-737217,55.0,0.0,0.0,100.0
58201,64116,Incident,2008-02-25,"Mexico City, Mexico",Mexico,Non-Fatal,Minor,Airplane,Boeing,7772Q8,No,2.0,Turbo Fan,SCHD,0.0,0.0,0.0,403.0,VMC,,,2008,Boeing-7772Q8,403.0,0.0,0.0,100.0
58231,64150,Incident,2008-03-03,"Cusco, Peru",Peru,Non-Fatal,,Airplane,Boeing,737217,No,,,SCHD,0.0,0.0,0.0,54.0,UNK,,,2008,Boeing-737217,54.0,0.0,0.0,100.0
59119,65174,Accident,2008-08-16,"San Francisco, CA",United States,Non-Fatal,,Airplane,Boeing,777300,No,2.0,Turbo Fan,SCHD,0.0,0.0,0.0,311.0,VMC,,The ground crewman's failure to follow the tow bar disconnect standard operating procedures.,2008,Boeing-777300,311.0,0.0,0.0,100.0
59186,65251,Incident,2008-08-28,"Atlantic Ocean,",United States,Non-Fatal,,Airplane,Boeing,B744,No,,,SCHD,0.0,0.0,0.0,159.0,UNK,,The San Juan CERAP controllers failure to ensure the two aircraft were properly separated using non-radar separation standards.,2008,Boeing-B744,159.0,0.0,0.0,100.0
59304,65386,Incident,2008-09-19,"Allentown, PA",United States,Non-Fatal,,Airplane,Bombardier,Cl6002C1,No,2.0,,SCHD,0.0,0.0,0.0,63.0,VMC,,The failure of both tower controllers to maintain awareness of the position of N736GV and ensure that the aircraft was clear of the runway before issuing a takeoff clearance to ASH7138.,2008,Bombardier-Cl6002C1,63.0,0.0,0.0,100.0
59633,65765,Accident,2008-12-23,"Rockford, IL",United States,Non-Fatal,Substantial,Airplane,Boeing,747212B,No,4.0,Turbo Fan,NSCH,0.0,0.0,0.0,3.0,VMC,,The ground crew's failure to maintain clearance from the light pole while directing the airplane to parking.,2008,Boeing-747212B,3.0,0.0,0.0,100.0
59635,65768,Incident,2008-12-24,"Seattle, WA",United States,Non-Fatal,,Airplane,Boeing,737890,No,2.0,Turbo Jet,SCHD,0.0,0.0,0.0,141.0,IMC,,The failure of the deicing crew to follow company procedures by not receiving confirmation from the flight crew before beginning to deice the airplane.,2008,Boeing-737890,141.0,0.0,0.0,100.0
59646,65782,Accident,2008-12-28,"Seattle, WA",United States,Non-Fatal,Substantial,Airplane,Boeing,757351,No,2.0,Turbo Fan,SCHD,0.0,0.0,0.0,352.0,VMC,,The failure of the tug operator and wing walker of this airplane to maintain clearance with the other aircraft during the pushback process in dark night. Also causal was the ramp controller's misinterpretation of the other airplane's gate location and her improper clearance for both airplanes to simultaneously push back from nearly opposing gates.,2008,Boeing-757351,352.0,0.0,0.0,100.0
60268,66521,Incident,2009-06-11,"Atlanta, GA",United States,Non-Fatal,Minor,Airplane,Bombardier,Cl6002B1,No,2.0,Turbo Fan,SCHD,0.0,0.0,0.0,22.0,VMC,,The failure of the left main landing gear to extend due to high levels of particulate contamination in the hydraulic fluid.,2009,Bombardier-Cl6002B1,22.0,0.0,0.0,100.0
60364,66639,Incident,2009-06-26,"Cleveland, OH",United States,Non-Fatal,,Airplane,Bombardier,Dhc8202,No,2.0,Turbo Prop,SCHD,0.0,0.0,0.0,66.0,VMC,,"The local controller did not visually scan the runways and ensure that the E145 had crossed runway 24L prior to issuing a takeoff clearance to the DH8, did not ensure separation between the two airplanes, and did not cancel takeoff clearance for the DH8 in a timely manner.",2009,Bombardier-Dhc8202,66.0,0.0,0.0,100.0
60912,67292,Accident,2009-10-05,"Unknown, Argentina",Argentina,Non-Fatal,,Airplane,Boeing,7673P6,No,2.0,Turbo Fan,SCHD,0.0,0.0,1.0,231.0,VMC,,"An inadvertent encounter with turbulence, which resulted in an injury to a flight cabin attendant.",2009,Boeing-7673P6,232.0,0.0,0.0,100.0
61000,67388,Accident,2009-10-27,"Atlanta, GA",United States,Non-Fatal,,Airplane,Boeing,767432Er,No,2.0,Turbo Jet,SCHD,0.0,0.0,1.0,11.0,IMC,,Unforecasted turbulence resulting in a flight attendant being injured.,2009,Boeing-767432Er,12.0,0.0,0.0,100.0
61140,67550,Incident,2009-12-14,"Charlotte, NC",United States,Non-Fatal,Minor,Airplane,Boeing,Md,No,2.0,,SCHD,0.0,0.0,0.0,115.0,IMC,,"The Captain's failure to initiate a go-around from a Category III approach when satisfactory tracking performance was not maintained below the required altitude resulting in excessive bank angle maneuvers at low altitude.
 
Factors contributing to the incident were:  The Captain's decision to execute a Category III autoland approach on a runway without rollout guidance contrary to company Flight Manual guidance, the Captain's decision to deviate from the Category III approach and continue it manually contrary to the company Operating Manual, and the First Officer's failure to call for a go-around when the approach became unstable.",2009,Boeing-Md,115.0,0.0,0.0,100.0
62971,69669,Incident,2011-03-17,"Pittsburgh, PA",United States,Non-Fatal,Minor,Airplane,Bombardier,Dhc 8 402,No,2.0,Turbo Prop,SCHD,0.0,0.0,0.0,40.0,UNK,,"the flight crew's delay in shutting down the left engine following an engine oil pressure master warning, which led to a hard rub inside the engine that served as an ignition point for a titanium fire. Contributing to the event was a PW150 No. 5 seal design vulnerability to titanium ignition that can occur with continued engine operation following an engine oil pressure loss event.",2011,Bombardier-Dhc 8 402,40.0,0.0,0.0,100.0
63088,69799,Accident,2011-04-10,"Paris, France",France,Non-Fatal,Substantial,Airplane,Boeing,B777,No,,,SCHD,0.0,0.0,0.0,361.0,UNK,,<br /><br />,2011,Boeing-B777,361.0,0.0,0.0,100.0
63150,69877,Incident,2011-04-26,"Chicago, IL",United States,Non-Fatal,Minor,Airplane,Boeing,7377Q8,No,2.0,Turbo Fan,SCHD,0.0,0.0,0.0,139.0,IMC,,"The flight crew's delayed deployment of the speedbrakes and thrust reversers, resulting in insufficient runway remaining to bring the airplane to a stop.

Contributing to the delay in deployment of these stopping devices was the flight crew's inadequate monitoring of the airplane's configuration after touchdown, likely as a result of being distracted by a perceived lack of wheel braking effectiveness.

Contributing to the incident was the flight crew's omission of the Before Landing checklist, which includes an item to verify speedbrake arming before touchdown, as a result of workload and operational distractions during the approach phase of flight.",2011,Boeing-7377Q8,139.0,0.0,0.0,100.0
63210,69950,Accident,2011-05-12,"Atlanta, GA",United States,Non-Fatal,Minor,Airplane,Boeing,737732,No,2.0,Turbo Fan,SCHD,0.0,0.0,0.0,298.0,VMC,,The B737-700 pilot did not maintain adequate wing tip clearance while taxiing around the stopped B-737-800.,2011,Boeing-737732,298.0,0.0,0.0,100.0
63213,69953,Incident,2011-05-12,"Tao-Yuan, Taiwan (Province of China)",Taiwan,Non-Fatal,Minor,Airplane,Boeing,Md90,No,2.0,,SCHD,0.0,0.0,0.0,101.0,UNK,,,2011,Boeing-Md90,101.0,0.0,0.0,100.0
63963,70854,Accident,2011-09-26,"Puerto Ordaz, Venezuela",Venezuela,Non-Fatal,Substantial,Airplane,Boeing,Dc9,No,,Turbo Jet,SCHD,0.0,0.0,0.0,130.0,UNK,,,2011,Boeing-Dc9,130.0,0.0,0.0,100.0
64062,70978,Accident,2011-10-20,"New York, NY",United States,Non-Fatal,,Airplane,Boeing,7672B7,No,2.0,Turbo Jet,SCHD,0.0,0.0,1.0,215.0,IMC,,"The passenger's lack of compliance with the illuminated seatbelt sign, which resulted in her injury during a turbulence encounter.",2011,Boeing-7672B7,216.0,0.0,0.0,100.0
64070,70988,Incident,2011-10-23,"Detroit, MI",United States,Non-Fatal,Minor,Airplane,Boeing,747451,No,4.0,Turbo Jet,SCHD,0.0,0.0,0.0,394.0,UNK,,"The penetration of turbine blade fragments through the rear turbine case, which punctured the No. 4 bearing oil pressure supply tube, allowing misted oil to contact the hot engine case and ignite the undercowl fire.

Contributing to the incident was the installation of approved (but not preferred) stage 3 low pressure turbine outer transition duct segments with the riveted rear seal configuration and the failure of the engine design to comply with the engine debris containment requirements of 14 Code of Federal Regulations 33.13 and 33.75.",2011,Boeing-747451,394.0,0.0,0.0,100.0
64077,70997,Accident,2011-10-24,"Faro, Portugal",Portugal,Non-Fatal,Substantial,Airplane,Boeing,737  800,No,,,,0.0,0.0,0.0,151.0,UNK,,,2011,Boeing-737  800,151.0,0.0,0.0,100.0
64226,71168,Accident,2011-12-09,"Atlanta, GA",United States,Non-Fatal,Minor,Airplane,Boeing,737732,No,2.0,Turbo Fan,SCHD,0.0,0.0,0.0,279.0,VMC,,the failure of the captain of N303DQ to maintain a safe clearance from N583NW that was stopped on the taxiway.,2011,Boeing-737732,279.0,0.0,0.0,100.0
64544,71533,Incident,2012-03-25,"Taoyuan, Taiwan (Province of China)",Taiwan,Non-Fatal,,Airplane,Boeing,747  400,No,,Turbo Fan,SCHD,0.0,0.0,0.0,383.0,UNK,,,2012,Boeing-747  400,383.0,0.0,0.0,100.0
65631,72818,Incident,2012-10-20,"Tokyo, Japan, Japan",Japan,Non-Fatal,,,Boeing,737846,No,,Turbo Fan,SCHD,0.0,0.0,0.0,144.0,UNK,,,2012,Boeing-737846,144.0,0.0,0.0,100.0
65682,72879,Incident,2012-11-07,"Atlanta, GA",United States,Non-Fatal,,Airplane,Boeing,Md88,No,2.0,Turbo Jet,SCHD,0.0,0.0,0.0,147.0,UNK,,"
The  4th stage turbine blade separation that resulted in an uncontained release of low pressure turbine blade material was Delta Air Lines' repair process for the turbine blades' tip shrouds.  It was not possible to identify the part of the repair process that led to the premature wear of the blade's tip shoud and subsequent separation.",2012,Boeing-Md88,147.0,0.0,0.0,100.0
66283,73572,Accident,2013-05-18,"Newark, NJ",United States,Non-Fatal,Substantial,Airplane,Bombardier,Dhc8,No,2.0,Turbo Prop,SCHD,0.0,0.0,0.0,34.0,VMC,,"the frozen left main landing gear (MLG) uplock roller due to lack of lubrication and the uplock latch that had worn beyond acceptable tolerances, which prevented the flight crew from extending the left MLG using the alternate extension system. Contributing to the accident were the operator's improper maintenance practices, which did not detect the lubrication issue with the roller and the wear of the latch.",2013,Bombardier-Dhc8,34.0,0.0,0.0,100.0
66910,74303,Incident,2013-09-27,"Cusco, Peru",Peru,Non-Fatal,,Airplane,Boeing,737  53C,No,2.0,Turbo Fan,SCHD,0.0,0.0,0.0,114.0,UNK,,,2013,Boeing-737  53C,114.0,0.0,0.0,100.0
67003,74411,Incident,2013-10-22,"Providenciales, Tokelau",Tokelau,Non-Fatal,,Airplane,Boeing,757 223,No,2.0,Turbo Fan,SCHD,0.0,0.0,0.0,176.0,UNK,,<br /><br />,2013,Boeing-757 223,176.0,0.0,0.0,100.0
67128,74558,Accident,2013-12-05,"Madrid, Spain",Spain,Non-Fatal,Substantial,Airplane,Boeing,767  300Er,No,,,SCHD,0.0,0.0,0.0,203.0,UNK,,,2013,Boeing-767  300Er,203.0,0.0,0.0,100.0
67161,74594,Accident,2013-12-19,"Changi, Senegal",Senegal,Non-Fatal,,Airplane,Boeing,777  212,No,,,,0.0,0.0,0.0,217.0,UNK,,,2013,Boeing-777  212,217.0,0.0,0.0,100.0
67167,74601,Incident,2013-12-23,"St. Louis, MO",United States,Non-Fatal,Minor,Airplane,Boeing,737 3H4,No,2.0,Turbo Fan,SCHD,0.0,0.0,0.0,107.0,UNK,,"The initial damage to the fan blades was caused by the ingestion of two mallard ducks that caused one or more fan blades to fracture, striking the fan shroud, as well as other passing fan blades, producing various sized blades fragments that created a cascading effect of collateral impact damage to the other fan blades, the fan case, and the inlet cowl. One large blade fragment was deflected out of the fan containment plane, which pierced and exited the inlet cowl in a benign direction.

The engine and airplane met the applicable bird and containment design standards since the engine did not catch on fire, no engine cases exhibited any penetrations, the engine was able to be shutdown normally, and the airplane damage did not impact the safe operation of the airplane or create a hazard to the persons on board.",2013,Boeing-737 3H4,107.0,0.0,0.0,100.0
67214,74650,Accident,2014-01-10,"Atlanta, GA",United States,Non-Fatal,,Airplane,Boeing,757 232,No,2.0,Unknown,SCHD,0.0,0.0,1.0,140.0,IMC,,unexpected encounter with convective turbulence while the flight attendants were preparing for arrival.,2014,Boeing-757 232,141.0,0.0,0.0,100.0
67304,74750,Accident,2014-02-17,"Madeira, Portugal",Portugal,Non-Fatal,Substantial,Airplane,Boeing,737  8K2,No,,,,0.0,0.0,0.0,181.0,UNK,,,2014,Boeing-737  8K2,181.0,0.0,0.0,100.0
67344,74793,Accident,2014-03-05,"San Diego, CA",United States,Non-Fatal,,Airplane,Boeing,737  932Er,No,2.0,Turbo Fan,SCHD,0.0,0.0,1.0,186.0,VMC,,the flight attendant's inadvertent trip and fall over a passenger bag that was in the aisle.,2014,Boeing-737  932Er,187.0,0.0,0.0,100.0
67738,75264,Accident,2014-06-17,"Newark, NJ",United States,Non-Fatal,,Airplane,Boeing,767 424Er,No,,,SCHD,0.0,0.0,1.0,12.0,VMC,,"A hot liquid splashed from a meal box onto the flight attendant's hand, resulting in a 2nd degree burn.",2014,Boeing-767 424Er,13.0,0.0,0.0,100.0
67778,75312,Accident,2014-06-23,"Tarragona, Spain",Spain,Non-Fatal,,Airplane,Boeing,Boeing 7378As,No,2.0,,SCHD,0.0,0.0,1.0,0.0,UNK,,,2014,Boeing-Boeing 7378As,1.0,0.0,0.0,100.0
67993,75571,Accident,2014-08-09,"San Antonio, TX",United States,Non-Fatal,Substantial,Airplane,Bombardier,Cl600 2D24  900,No,2.0,Turbo Fan,SCHD,0.0,0.0,0.0,80.0,VMC,,"Failure of the tow bar shear pin, which resulted in the tug operators loss of control of the airplane during pushback operations. Contributing to the accident was the tug operators inability to communicate to the flight crew to apply the airplanes brakes. ",2014,Bombardier-Cl600 2D24  900,80.0,0.0,0.0,100.0
68171,75790,Accident,2014-09-16,"Miami, FL",United States,Non-Fatal,Substantial,Airplane,Boeing,757 223,No,2.0,Turbo Fan,SCHD,0.0,0.0,0.0,172.0,VMC,,"The failure of the first officer to control the airplane pitch after touchdown. Contributing to the accident was the first officers inexperience in the aircraft type.
",2014,Boeing-757 223,172.0,0.0,0.0,100.0
68177,75796,Incident,2014-09-17,"Malaga, Spain",Spain,Non-Fatal,,Airplane,Boeing,Boeing 7378As,No,2.0,,SCHD,0.0,0.0,0.0,2.0,UNK,,,2014,Boeing-Boeing 7378As,2.0,0.0,0.0,100.0
68215,75844,Incident,2014-09-25,"Makassar, Indonesia",Indonesia,Non-Fatal,Minor,Airplane,Boeing,737  3L9,No,,,,0.0,0.0,0.0,156.0,UNK,,,2014,Boeing-737  3L9,156.0,0.0,0.0,100.0
68611,76316,Accident,2015-02-25,"Jeddah, Saudi Arabia",Saudi Arabia,Non-Fatal,,Airplane,Boeing,747  468,No,,,,0.0,0.0,0.0,300.0,UNK,,,2015,Boeing-747  468,300.0,0.0,0.0,100.0
68612,76318,Accident,2015-02-25,"Bordeaux, France",France,Non-Fatal,,Airplane,Boeing,737  8As,No,,,,0.0,0.0,2.0,162.0,UNK,,,2015,Boeing-737  8As,164.0,0.0,0.0,100.0
68957,76735,Incident,2015-06-05,"Windsor Locks, CT",United States,Non-Fatal,Minor,Airplane,Bombardier,Dhc 8,No,2.0,Turbo Prop,SCHD,0.0,0.0,0.0,37.0,VMC,,The arcing failure of the windshield heat power wire on the right windshield due to unknown reasons. Contributing to the severity of the fire was the lack of training or guidance provided to the crew for selecting the windshield heat to off that would cut power to the circuit.,2015,Bombardier-Dhc 8,37.0,0.0,0.0,100.0
68961,76740,Incident,2015-06-05,"Montreal, Canada",Canada,Non-Fatal,,Airplane,Boeing,737  6Ct,No,,,,0.0,0.0,0.0,112.0,UNK,,,2015,Boeing-737  6Ct,112.0,0.0,0.0,100.0
68970,76753,Incident,2015-06-07,"Turin, Italy",Italy,Non-Fatal,Minor,Airplane,Boeing,737  4D7,No,,,,0.0,0.0,0.0,160.0,UNK,,,2015,Boeing-737  4D7,160.0,0.0,0.0,100.0
69073,76873,Accident,2015-06-30,"Salt Lake City, UT",United States,Non-Fatal,,Airplane,Boeing,737 832,No,2.0,Turbo Fan,SCHD,0.0,0.0,1.0,0.0,UNK,,inadvertent contact by beverage cart during cabin service.,2015,Boeing-737 832,1.0,0.0,0.0,100.0
69226,77046,Incident,2015-07-27,"Makassar, Indonesia",Indonesia,Non-Fatal,,Airplane,Bombardier,Cl600 2E25,No,,,,0.0,0.0,0.0,98.0,UNK,,,2015,Bombardier-Cl600 2E25,98.0,0.0,0.0,100.0
69561,77446,Accident,2015-10-09,"Pound Ridge, NY",United States,Non-Fatal,,Airplane,Boeing,737 3H4,No,2.0,Turbo Fan,SCHD,0.0,0.0,1.0,147.0,UNK,,hot water spilled from a cup onto the flight attendant's arm resulting in a 2nd degree burn.,2015,Boeing-737 3H4,148.0,0.0,0.0,100.0
69600,77498,Accident,2015-10-21,"Dallas, TX",United States,Non-Fatal,,Airplane,Boeing,757 223,No,2.0,Turbo Fan,SCHD,0.0,0.0,1.0,166.0,UNK,,the disabled passenger not being properly secured during the transfer from the aisle chair causing him to slide to floor and receive a serious injury.,2015,Boeing-757 223,167.0,0.0,0.0,100.0
69768,77694,Accident,2015-12-15,"Nashville, TN",United States,Non-Fatal,Substantial,Airplane,Boeing,737 3H4,No,2.0,Turbo Fan,SCHD,0.0,0.0,0.0,138.0,VMC,,"the flight crew's early turn towards the assigned gate because taxiway lighting had been inadvertently turned off by the controller-in-charge which resulted in the airplane leaving the paved surface.

 

Contributing to the accident was the operation of the screen-saver function on the lighting control panel that prevented the tower controllers from having an immediate visual reference to the status of the airfield lighting.",2015,Boeing-737 3H4,138.0,0.0,0.0,100.0
69796,77727,Accident,2015-12-26,"San Diego, CA",United States,Non-Fatal,,Airplane,Boeing,737 76N,No,2.0,Turbo Fan,SCHD,0.0,0.0,1.0,147.0,VMC,,An inadvertent encounter with clear air turbulence.,2015,Boeing-737 76N,148.0,0.0,0.0,100.0
70001,77971,Accident,2016-03-15,"Port Arthur, TX",United States,Non-Fatal,,Airplane,Boeing,737 724,No,2.0,Turbo Fan,SCHD,0.0,0.0,1.0,133.0,VMC,,an inadvertent encounter with clear air turbulence.,2016,Boeing-737 724,134.0,0.0,0.0,100.0
70093,78088,Accident,2016-04-14,"San Diego, CA",United States,Non-Fatal,,Airplane,Boeing,737 76Q,No,2.0,Turbo Fan,SCHD,0.0,0.0,0.0,121.0,VMC,,the ramp agents failure to keep his right hand at a safe distance from the underside of the moving belt.,2016,Boeing-737 76Q,121.0,0.0,0.0,100.0
70151,78157,Accident,2016-04-29,"San Francisco, CA",United States,Non-Fatal,Substantial,Airplane,Bombardier,Cl 600 2B19,No,2.0,Turbo Fan,SCHD,0.0,0.0,0.0,30.0,VMC,,"The tug driver's failure to comply with the wing walkers direction to stop, which resulted in the towed airplane colliding with N961SW.",2016,Bombardier-Cl 600 2B19,30.0,0.0,0.0,100.0
70316,78350,Accident,2016-06-05,"Las Vegas, NV",United States,Non-Fatal,,Airplane,Boeing,737932Er,No,2.0,Turbo Fan,SCHD,0.0,0.0,1.0,185.0,VMC,,An encounter with wake turbulence that resulted in a flight attendant injury.,2016,Boeing-737932Er,186.0,0.0,0.0,100.0
70468,78522,Accident,2016-07-01,"Charleroi, Belgium",Belgium,Non-Fatal,,Airplane,Boeing,Boeing 7378As,No,2.0,,,0.0,0.0,0.0,195.0,UNK,,,2016,Boeing-Boeing 7378As,195.0,0.0,0.0,100.0
70651,78736,Accident,2016-08-05,"Baltimore, MD",United States,Non-Fatal,Substantial,Airplane,Boeing,737 3H4,No,2.0,Turbo Fan,SCHD,0.0,0.0,0.0,134.0,VMC,,the tug operators excessive speed during pushback.,2016,Boeing-737 3H4,134.0,0.0,0.0,100.0
70680,78771,Accident,2016-08-10,"New York, NY",United States,Non-Fatal,Substantial,Airplane,Boeing,737 832,No,2.0,Turbo Fan,SCHD,0.0,0.0,0.0,168.0,VMC,,inadvertent collision by ground service vehicle.,2016,Boeing-737 832,168.0,0.0,0.0,100.0
70710,78806,Accident,2016-08-17,"Waco, TX",United States,Non-Fatal,,Airplane,Boeing,737 924,No,2.0,Turbo Fan,SCHD,0.0,0.0,1.0,141.0,VMC,,an encounter with convective turbulence.,2016,Boeing-737 924,142.0,0.0,0.0,100.0
70881,79016,Accident,2016-09-24,"Dulles, VA",United States,Non-Fatal,Substantial,Airplane,Bombardier,Dhc 8 202,No,2.0,Turbo Prop,SCHD,0.0,0.0,0.0,24.0,VMC,,incorrect installation of the frangible towing fuse that prevented the nose landing gear from extending.,2016,Bombardier-Dhc 8 202,24.0,0.0,0.0,100.0
71008,79180,Incident,2016-10-27,"New York, NY",United States,Non-Fatal,Minor,Airplane,Boeing,737 7L9,No,2.0,Turbo Fan,NSCH,0.0,0.0,0.0,48.0,IMC,,"The first officer's failure to attain the proper touchdown point and the flight crew's failure to call for a go-around, which resulted in the airplane landing more than halfway down the runway. Contributing to the incident were, the first officer's initiation of the landing flare at a relatively high altitude and his delay in reducing the throttles to idle, the captain's delay in manually deploying the speed brakes after touchdown, the captain's lack of command authority, and a lack of robust training provided by the operator to support the flight crew's decision-making concerning when to call for a go-around.",2016,Boeing-737 7L9,48.0,0.0,0.0,100.0
71086,79273,Accident,2016-11-21,"Hopewell, VA",United States,Non-Fatal,,Airplane,Boeing,717 200,No,2.0,Turbo Fan,SCHD,0.0,0.0,1.0,109.0,VMC,,the flight attendant's inadvertent bump into a retractable galley tray.,2016,Boeing-717 200,110.0,0.0,0.0,100.0
71205,79423,Incident,2017-01-10,"Bournemouth, United Kingdom",United Kingdom,Non-Fatal,Minor,Airplane,Boeing,Boeing 7378K5,No,2.0,Turbo Fan,,0.0,0.0,0.0,182.0,UNK,,,2017,Boeing-Boeing 7378K5,182.0,0.0,0.0,100.0
71240,79462,Incident,2017-01-23,"Baltimore, MD",United States,Non-Fatal,,Airplane,Bombardier,Cl 600 2B19,No,2.0,Turbo Fan,SCHD,0.0,0.0,0.0,51.0,UNK,,A Bombardier CRJ200 No. 2 engine failure due to the separation of a fan blade airfoil at a low cycle fatigue crack that originated at the forward fan blade pin hole attachment. The separated fan blade had previously undergone a hot form repair and both metallurgical analysis and repair records indicated that the lance/shot peen step required to restore sufficient residual stress levels to the blade material was not completed.,2017,Bombardier-Cl 600 2B19,51.0,0.0,0.0,100.0
71298,79527,Accident,2017-02-12,"Phoenix, AZ",United States,Non-Fatal,,Airplane,Boeing,737 76N,No,2.0,Turbo Fan,SCHD,0.0,0.0,0.0,143.0,VMC,,the catering agent's lack of situational awareness when exiting the airplane that resulted in a serious injury.,2017,Boeing-737 76N,143.0,0.0,0.0,100.0
71300,79529,Accident,2017-02-13,"Dulles, VA",United States,Non-Fatal,,Airplane,Bombardier,Dhc 8 311,No,1.0,Turbo Prop,SCHD,0.0,0.0,1.0,52.0,VMC,,an inadvertent encounter with clear air turbulence.,2017,Bombardier-Dhc 8 311,53.0,0.0,0.0,100.0
71360,79598,Accident,2017-02-28,"Azraq, Jordan",Jordan,Non-Fatal,Substantial,Airplane,Boeing,767 33A,No,2.0,Turbo Fan,NSCH,0.0,0.0,0.0,217.0,UNK,,,2017,Boeing-767 33A,217.0,0.0,0.0,100.0
71710,80025,Incident,2017-06-07,"Tokyo, Japan",Japan,Non-Fatal,,Airplane,Boeing,747 451,No,4.0,Turbo Fan,SCHD,0.0,0.0,0.0,326.0,UNK,,The PW4056 engine lost power due to the fatigue fracture of a 5th stage compressor blade.  The cause of the fatigue fracture could not be determined.,2017,Boeing-747 451,326.0,0.0,0.0,100.0
72174,80580,Incident,2017-09-06,"Las Vegas, NV",United States,Non-Fatal,,Airplane,Boeing,757 232,No,2.0,Turbo Fan,SCHD,0.0,0.0,0.0,184.0,VMC,,"A No. 1 (left) engine undercowl fire caused by a fuel nozzle installation error during engine overhaul at Delta TechOps. A fuel nozzle b-nut was cross threaded, which allowed fuel to leak on hot engine case surfaces and subsequently ignite.",2017,Boeing-757 232,184.0,0.0,0.0,100.0
72201,80611,Accident,2017-09-12,"Los Angeles, CA",United States,Non-Fatal,Substantial,Airplane,Boeing,767375,No,2.0,,SCHD,0.0,0.0,0.0,140.0,VMC,,the B737 flight crew's misjudgment of the clearance between their wingtip and the B767 horizontal stabilizer.,2017,Boeing-767375,140.0,0.0,0.0,100.0
72207,80617,Accident,2017-09-13,"Charlotte, NC",United States,Non-Fatal,Substantial,Airplane,Bombardier,Cl 600 2B19,No,2.0,Turbo Fan,SCHD,0.0,0.0,0.0,34.0,VMC,,the tug operator's initiation of a right turn onto the perpendicular terminal road in proximity to the airplane.,2017,Bombardier-Cl 600 2B19,34.0,0.0,0.0,100.0
72326,80767,Accident,2017-10-15,"Honolulu, HI",United States,Non-Fatal,,Airplane,Boeing,767 328,No,2.0,Turbo Fan,,0.0,0.0,1.0,11.0,UNK,,an inadvertent encounter of clear air turbulence.,2017,Boeing-767 328,12.0,0.0,0.0,100.0
72453,80925,Incident,2017-11-29,"Atlanta, GA",United States,Non-Fatal,,Airplane,Boeing,737932Er,No,2.0,Turbo Fan,SCHD,0.0,0.0,0.0,169.0,UNK,,,2017,Boeing-737932Er,169.0,0.0,0.0,100.0
72454,80926,Accident,2017-11-29,"Bogota, Colombia",Colombia,Non-Fatal,,Airplane,Boeing,757 224,No,2.0,Turbo Fan,SCHD,0.0,0.0,1.0,157.0,UNK,,,2017,Boeing-757 224,158.0,0.0,0.0,100.0
72550,81037,Incident,2017-12-30,"Pullman, WA",United States,Non-Fatal,,Airplane,Bombardier,Dhc 8 402,No,2.0,Turbo Prop,SCHD,0.0,0.0,0.0,46.0,IMC,,the flight crew's misidentification of the taxiway as the landing runway due to the failure of the runway lighting that caused only the taxiway lights to be illuminated.,2017,Bombardier-Dhc 8 402,46.0,0.0,0.0,100.0
72660,81178,Incident,2018-02-13,"Honolulu, HI",United States,Non-Fatal,Minor,Airplane,Boeing,777 222,No,2.0,Turbo Fan,SCHD,0.0,0.0,0.0,378.0,VMC,,"the fracture of a fan blade due to P&W's continued classification of the TAI inspection process as a new and emerging technology that permitted them to continue accomplishing the inspection without having to develop a formal, defined initial and recurrent training program or an inspector certification program.  The lack of training resulted in the inspector making an incorrect evaluation of an indication that resulted in a blade with a crack being returned to service where it eventually fractured.  

Contributing to the fracture of the fan blade was the lack of feedback from the process engineers on the fan blades the inspectors sent to the process engineers for evaluation of indications that they had found.",2018,Boeing-777 222,378.0,0.0,0.0,100.0
72845,81408,Incident,2018-04-18,"Cuzco, Peru",Peru,Non-Fatal,,Airplane,Boeing,737 500,No,2.0,,SCHD,0.0,0.0,0.0,46.0,UNK,,,2018,Boeing-737 500,46.0,0.0,0.0,100.0
72908,81489,Incident,2018-05-03,"Guayaquil, Spain",Spain,Non-Fatal,,Airplane,Boeing,767 323,No,2.0,Turbo Fan,SCHD,0.0,0.0,0.0,181.0,UNK,,,2018,Boeing-767 323,181.0,0.0,0.0,100.0
73087,81707,Accident,2018-06-10,"Crete, Greece",Greece,Non-Fatal,Substantial,Airplane,Boeing,737 800,No,2.0,,SCHD,0.0,0.0,0.0,173.0,UNK,,,2018,Boeing-737 800,173.0,0.0,0.0,100.0
75428,84524,Accident,2020-02-23,"Calgary, Canada",Canada,Non-Fatal,,Airplane,Bombardier,Cl600 2B16,No,,,,0.0,0.0,0.0,13.0,UNK,,,2020,Bombardier-Cl600 2B16,13.0,0.0,0.0,100.0
76202,85443,Incident,2020-10-03,"Amsterdam, Netherlands (the)",Netherlands,Non-Fatal,Unknown,Airplane,Boeing,787800,No,,,,0.0,0.0,0.0,186.0,UNK,,,2020,Boeing-787800,186.0,0.0,0.0,100.0
77498,86968,Accident,2021-09-27,"Newark, NJ",United States,Non-Fatal,Substantial,Airplane,Boeing,757224,No,2.0,,SCHD,0.0,0.0,0.0,172.0,UNK,,,2021,Boeing-757224,172.0,0.0,0.0,100.0
77837,87381,Incident,2022-02-04,"Las Vegas, NV",United States,Non-Fatal,Minor,Airplane,Boeing,7378K2,No,2.0,,SCHD,0.0,0.0,0.0,56.0,VMC,,,2022,Boeing-7378K2,56.0,0.0,0.0,100.0
78292,87932,Accident,2022-06-07,"Hawthorne, CA",United States,Non-Fatal,Minor,Airplane,Bombardier,Bd100 1A10,No,2.0,Turbo Shaft,NSCH,0.0,0.0,0.0,11.0,VMC,,The multi-engine pilot's failure to maintain clearance from another airplane during taxi.,2022,Bombardier-Bd100 1A10,11.0,0.0,0.0,100.0
78361,88009,Incident,2022-06-21,"Pittsburgh, PA",United States,Non-Fatal,,Airplane,Boeing,7379,No,2.0,,SCHD,0.0,0.0,0.0,174.0,UNK,,,2022,Boeing-7379,174.0,0.0,0.0,100.0
78874,88598,Accident,2022-09-29,"Denver, CO",United States,Serious,,,Boeing,7377Ct,No,,,SCHD,0.0,0.0,1.0,140.0,UNK,,,2022,Boeing-7377Ct,141.0,0.0,0.0,100.0
79016,88772,Accident,2022-11-10,"Miami, FL",United States,Serious,,Airplane,Boeing,7378,No,2.0,,SCHD,0.0,0.0,1.0,147.0,UNK,,,2022,Boeing-7378,148.0,0.0,0.0,100.0
